,0,1
monthly_income,136227.42052818192,134813.27311457577
historical_invoice_count,12.64916248930187,12.698785351704133
late_payment_count,6.4811101601662795,6.505710659898477
missed_payment_count,2.7151852304682724,2.765591007976795
avg_days_late,6.7512776101969,6.774861098172896
max_days_late,18.078371439051228,18.076776649746193
historical_outstanding,97311.8474141093,93091.91443074693
rent_to_income_ratio,0.5662711525941123,0.5517398712031635
payment_completion_ratio,0.7808508341695132,0.7737829446416845
